RA,DEC,zCMB,x1,e_x1,c,e_c,mB,e_mB
358.08264199999996,28.921984000000002,0.01154,-0.604491,0.0647578,0.030336099999999998,0.0271192,14.382520000000001,0.0411707
114.92168400000001,47.817104,0.013930000000000001,1.42688,0.11989000000000001,-0.00664131,0.029389099999999998,14.34404,0.046301300000000004
233.21369900000002,9.650922,0.01633,1.45491,0.11747,0.047613800000000005,0.029589999999999998,14.68971,0.0437603
240.23228500000002,21.059160000000002,0.01499,0.2649,0.061909900000000004,-0.026791500000000003,0.0285041,14.690479999999999,0.04330440000000001
128.181046,41.950378,0.01598,-1.07507,0.07133919999999999,0.00241584,0.0331789,14.92459,0.0554082
343.69928,14.569954999999998,0.0172,-0.7470720000000001,0.10672999999999999,-0.0824031,0.030991700000000004,14.796370000000001,0.0457404
240.2323,21.05913,0.01499,-0.49997600000000003,0.059035199999999996,-0.0459031,0.0276589,14.82293,0.0418841
130.216034,37.380077,0.020309999999999998,-0.119645,0.0599429,-0.054227,0.027899599999999997,15.13609,0.0409339
219.95794700000002,12.480862,0.01791,0.62685,0.05919730000000001,0.0341539,0.0285122,15.312439999999999,0.0416115
166.860977,12.774671000000001,0.01986,0.1045,0.34708,0.0576091,0.029126099999999995,15.42901,0.0419606
21.436489,23.027126000000003,0.0225,-0.235235,0.0480996,-0.0496111,0.0261814,15.39545,0.03916119999999999
189.511475,1.140952,0.025810000000000003,2.32044,0.21796,0.000957446,0.0290632,15.68675,0.042319300000000004
191.740097,0.747263,0.023790000000000002,-0.478941,0.12661,0.0049107,0.0345718,15.72243,0.0674755
244.753464,20.440077,0.02217,1.04334,0.085689,0.16557,0.0288738,15.85565,0.0426267
212.787262,1.987575,0.02026,-0.00203948,0.06417780000000001,0.15865,0.029124900000000002,15.93746,0.0423211
160.922226,23.220325,0.02534,0.6573,0.12013,-0.0619242,0.0291894,15.672,0.0427301
33.479527000000004,1.1206200000000002,0.02404,0.81934,0.0651384,0.0514594,0.029049000000000002,15.826789999999999,0.041947500000000006
258.139771,27.290798,0.0246,0.91179,0.17524,0.056699599999999996,0.0326888,15.86108,0.052151199999999995
161.86085500000002,26.942581,0.02409,-0.657165,0.35374,0.074378,0.0534664,15.964170000000001,0.13543
257.963959,26.902163,0.02489,-0.51772,0.14128,-0.0468924,0.0341527,15.78478,0.06284400000000001
209.67952,16.491879,0.02636,-0.221833,0.06700419999999999,-0.0446184,0.027944099999999996,15.89538,0.039858099999999994
253.225235,58.965359,0.0232,-1.00334,0.19134,0.0306092,0.037631599999999994,16.01914,0.10375
284.49215699999996,62.06918,0.029589999999999998,1.03637,0.11235,0.00743621,0.0303098,15.89546,0.0441672
193.01899699999998,63.054584999999996,0.02389,-1.48187,0.0684099,0.0761716,0.028375900000000003,16.1311,0.0411787
232.646591,0.89686,0.0259,-0.27181900000000003,0.0849353,0.041924300000000005,0.029529700000000002,16.06176,0.044302600000000004
133.07841499999998,25.452734,0.02433,-2.67727,0.10597000000000001,-0.0129482,0.0306022,16.058320000000002,0.0463089
35.036263,7.35204,0.026160000000000003,0.37329,0.07149019999999999,0.062104099999999995,0.0308628,16.00751,0.0467205
228.149979,55.264281999999994,0.030489999999999996,-0.170002,0.10545999999999998,0.034009,0.0299822,16.17137,0.0430664
192.225983,49.916824,0.0291,-0.5574140000000001,0.1073,-0.08359939999999999,0.029239799999999996,16.03441,0.042429699999999994
224.100189,2.7117169999999997,0.02628,-0.197229,0.0731108,-0.09298769999999999,0.033328500000000004,15.96979,0.06139259999999999
215.29165600000002,29.508564,0.02827,0.17968,0.0963159,-0.1067,0.028738999999999997,16.01449,0.041258300000000005
251.022842,48.0546,0.030660000000000003,1.2867600000000001,0.0931076,-0.038814999999999995,0.0305884,16.119139999999998,0.043911900000000004
196.32650800000002,33.5112,0.03313,0.8319799999999999,0.11019000000000001,-0.033119199999999994,0.0318989,16.19051,0.054990199999999996
104.210442,34.486286,0.029939999999999998,0.51422,0.0792407,0.036612599999999995,0.0293212,16.147370000000002,0.0433302
221.99614,11.08285,0.03308,1.95413,0.17987999999999998,0.0410387,0.0326489,16.30787,0.052601800000000004
44.398594,43.843246,0.03254,0.63571,0.13671,-0.07236619999999999,0.03422530000000001,15.765360000000001,0.06649769999999999
191.345779,25.027835999999997,0.026810000000000004,-0.0951768,0.08580080000000001,0.12725999999999998,0.0369971,16.48453,0.0594553
228.132004,14.534434,0.02283,-2.20263,0.20740999999999998,0.2568,0.0461379,16.68621,0.07509339999999999
336.41659500000003,8.560033,0.0299,0.3215,0.0586686,0.000172127,0.029259800000000002,16.17354,0.044251
161.64991799999999,26.739416,0.02474,-0.81932,0.08186660000000001,0.22211,0.0304482,16.6413,0.0444139
9.249297,24.140729999999998,0.033389999999999996,0.13039,0.12621,-0.015340000000000001,0.031100799999999998,16.33764,0.04606930000000001
172.193451,9.14439,0.026789999999999998,-2.10278,0.19118,-0.0647134,0.0426224,16.247889999999998,0.08418719999999999
348.387115,35.62104,0.03366,0.63578,0.0710257,-0.0837808,0.027255900000000003,16.09453,0.041156
307.457153,9.528535,0.032310000000000005,-0.322216,0.47463,-0.0993408,0.0634209,16.03742,0.13932999999999998
262.85888700000004,23.767979,0.03258,0.44366000000000005,0.0610521,-0.046475,0.027670900000000002,16.23365,0.0399791
71.55348199999999,1.740709,0.03162,-0.00182943,0.13589,0.00368215,0.0311185,16.21283,0.046676
289.422546,34.356173999999996,0.03013,1.82525,0.16499,0.040467,0.0315244,16.15691,0.0501622
259.39325,83.775711,0.02383,-1.3896899999999999,0.15136,0.23606999999999997,0.0337402,16.53304,0.0589294
231.93306,10.553933,0.03,-1.6182,0.09026360000000001,-0.077657,0.0287832,16.25534,0.0418299
75.427353,9.703408,0.02597,-0.6859430000000001,0.13649,0.00693591,0.0298817,16.110429999999997,0.0490286
8.360827,31.518192,0.0335,1.41908,0.14872,-0.028500599999999997,0.0330899,16.306620000000002,0.05364540000000001
251.11160299999997,47.280464,0.027469999999999998,-2.3237400000000004,0.56221,0.0956707,0.0314263,16.5961,0.0448311
323.893524,27.806124,0.026489999999999996,0.10545,0.0646172,0.15481,0.0299221,16.28787,0.0507415
154.467407,69.968956,0.0337,-0.376463,0.17682,0.02125,0.0302358,16.38982,0.0442569
258.435699,7.3919440000000005,0.03153,0.20471,0.11405,-0.0452161,0.03295630000000001,16.098489999999998,0.054783000000000005
357.102264,8.524042,0.03117,1.03633,0.15536,0.08765650000000001,0.0321814,16.36934,0.0495888
250.609436,47.824215,0.03067,-1.51053,0.34496,-0.05789580000000001,0.029291,16.41189,0.0416977
78.134918,9.597727,0.029810000000000003,0.38394,0.14190999999999998,0.023729300000000002,0.0341049,16.12357,0.06519730000000001
41.481761999999996,1.518583,0.03659,0.83355,0.075775,0.00979405,0.0301892,16.46716,0.04227
306.956024,2.021933,0.03213,1.0926200000000001,0.13684000000000002,0.05255409999999999,0.0351599,16.36749,0.0569068
345.093079,25.132235,0.031580000000000004,1.07326,0.17387,0.0409329,0.0319751,16.32495,0.0502658
213.910583,30.143394,0.03102,0.42781,0.10041,-0.015290399999999999,0.03351830000000001,16.516289999999998,0.05229119999999999
109.281952,72.60749100000001,0.028110000000000003,-2.22559,0.10322,0.10380999999999999,0.0296492,16.68228,0.0429796
92.92034100000001,49.809795,0.02891,-2.6447700000000003,0.13655,0.021309400000000003,0.04366969999999999,16.26896,0.0850069
108.479378,3.4487419999999998,0.02455,-1.98078,0.16926,-0.0280873,0.0376046,16.03698,0.08326010000000002
121.005684,29.044811,0.02642,-1.13263,0.22518000000000002,0.16122,0.0407806,16.67149,0.0793112
321.17681899999997,19.813929,0.039080000000000004,0.48722,0.43191,-0.0831604,0.029295799999999997,16.27717,0.0429156
137.49708600000002,46.082912,0.032330000000000005,-1.08144,0.0575557,-0.00713975,0.030208699999999998,16.559520000000003,0.0427658
202.83496100000002,23.223795000000003,0.03526,-1.90945,0.18875999999999998,-0.0849423,0.04166,16.45859,0.0836191
109.88170600000001,21.196466,0.03279,0.86234,0.11215,0.14908,0.03712940000000001,16.68141,0.057411699999999996
182.871674,67.583488,0.034730000000000004,-0.572475,0.0963517,-0.0670461,0.033712599999999995,16.50076,0.055821
142.37825,40.216460999999995,0.032,-1.8192700000000002,0.10784,-0.0224498,0.0295814,16.59364,0.0417202
179.585983,75.305992,0.029019999999999997,-2.3022299999999998,0.0998836,-0.0796313,0.0291795,16.32845,0.044431
164.550186,37.079322999999995,0.03035,-0.336958,0.08418189999999999,0.28276,0.029060900000000004,17.00553,0.0417125
156.020462,23.670033,0.027030000000000002,-1.34838,0.20313,0.27603,0.033476599999999995,17.03164,0.05275850000000001
267.140656,25.621168,0.03483,0.7818,0.0721547,0.0657783,0.030186599999999997,16.55251,0.044648099999999996
145.469772,41.620831,0.032060000000000005,-1.7332,0.18191,0.021303,0.0416405,16.68589,0.0653929
195.334503,40.947701,0.0387,0.4196,0.22571999999999998,0.0207414,0.030121199999999997,16.680310000000002,0.0423383
268.438843,38.018966999999996,0.03337,-0.0611766,0.06971210000000001,-0.0649131,0.0289043,16.53819,0.0415332
308.404388,6.381926,0.03461,2.03622,0.25090999999999997,0.1983,0.032692900000000004,16.7502,0.047736900000000006
12.088017,40.919174,0.030080000000000003,-2.96265,0.13832,0.0337954,0.029787,16.64722,0.0435264
331.610077,30.441903999999997,0.03265,-0.371923,0.1815,0.08907910000000001,0.030429400000000002,16.6097,0.0461117
155.157669,23.000892999999998,0.03084,-1.72917,0.26936,0.10945999999999999,0.0356853,16.8435,0.0675618
195.1017,12.177033,0.034460000000000005,2.1776400000000002,0.46788,0.20260999999999998,0.032298400000000005,16.92415,0.046624599999999995
139.014267,58.419109,0.03305,-2.66617,0.18198,0.0515891,0.0362229,16.75535,0.057908600000000005
79.889229,3.944864,0.029169999999999998,-1.55974,0.17412,0.11475999999999999,0.0371815,16.65033,0.0595362
265.832916,9.865039999999999,0.032389999999999995,1.20203,0.08040900000000001,0.06653239999999999,0.030211599999999998,16.4239,0.0505594
8.308327,8.979314,0.03714,0.9154,0.12517999999999999,-0.0764496,0.029531400000000003,16.487029999999997,0.0427686
199.875702,44.071609,0.03573,0.46998999999999996,0.23221,0.06280319999999999,0.033230699999999995,16.83117,0.0574485
304.630585,80.861397,0.038419999999999996,-0.5157390000000001,0.0682,-0.0549043,0.0297444,16.36729,0.0482278
24.681054999999997,21.799376000000002,0.038610000000000005,-0.636463,0.12897,0.0500149,0.025064,16.76515,0.0498508
146.183289,20.468163,0.03427,-1.45308,0.13972,0.0772771,0.0292113,16.9121,0.041619199999999995
171.109848,14.924447,0.02634,-2.9452,0.0842173,0.10667,0.030149099999999998,16.94899,0.0444793
196.182922,77.547409,0.04333,0.4856,0.1933,0.00865002,0.0315918,16.81205,0.0434747
137.162964,8.152538999999999,0.03556,-1.4880200000000001,0.0854265,-0.0189793,0.029207,16.74584,0.042682099999999994
222.107941,32.401340000000005,0.03148,-2.23557,0.0874793,0.059215,0.028817000000000002,16.947689999999998,0.0426617
76.612526,6.238939,0.032389999999999995,-1.8237299999999999,0.144,0.0904457,0.033679400000000005,16.748829999999998,0.0540448
246.172821,26.997545000000002,0.04068,-0.486205,0.20128,-1.1593299999999998e-06,0.0279075,16.84665,0.045365699999999995
209.440292,42.713004999999995,0.03789,0.82042,0.18821,0.0182707,0.0328102,16.900660000000002,0.049269099999999996
261.76025400000003,27.952038,0.03464,-0.0875057,0.29668,0.0621785,0.0304346,16.85678,0.0438971
154.40007,41.151291,0.03178,-2.35658,0.22960999999999998,0.19282,0.0302935,17.159129999999998,0.0443505
214.116852,46.708488,0.0447,0.9267,0.2334,-0.0829466,0.0359781,16.806079999999998,0.056389999999999996
9.196026,33.336704,0.04113,0.8411200000000001,0.18707000000000001,-0.0112887,0.030386700000000003,16.7161,0.0445664
40.663727,35.413502,0.03871,0.17232,0.14256,0.0614937,0.0325669,16.88465,0.047425999999999996
42.8904,37.380939,0.03796,-0.666293,0.10136,-0.0057713,0.0322739,16.782120000000003,0.0504773
199.459076,11.965144,0.0325,-0.920047,0.14192000000000002,0.17581,0.0388327,17.145960000000002,0.077155
182.339508,1.012308,0.03344,-2.20425,0.0902656,0.001716,0.0298547,16.895210000000002,0.0436726
236.896408,21.873695,0.0374,0.26053000000000004,0.14455,0.023682400000000003,0.0310784,16.847170000000002,0.046270099999999995
324.681396,6.656851,0.04369,0.77305,0.07933380000000001,0.022371000000000002,0.029988599999999997,16.92158,0.041693
199.842422,10.311989,0.04108,0.7742399999999999,0.21946,0.00792715,0.0394784,16.926920000000003,0.07991519999999999
253.750656,46.06868,0.04216,1.29176,0.52413,0.0346394,0.0365941,16.97007,0.060292899999999996
132.09638999999999,30.540565,0.02756,-2.4060799999999998,0.18545,0.07005610000000001,0.050429400000000006,16.99767,0.0866301
149.76568600000002,36.807049,0.03857,0.27310999999999996,0.15342999999999998,0.11664000000000001,0.036153899999999996,17.10664,0.061482400000000006
116.55011699999999,14.526663000000001,0.04501,-0.609171,0.13813,-0.07380110000000001,0.0298267,16.823179999999997,0.0413846
32.485008,33.974918,0.03911,0.3772,0.10792,-0.03914430000000001,0.0319639,16.72416,0.0502994
198.189697,6.877249000000001,0.045630000000000004,1.1443299999999998,0.12653,-0.0439209,0.031671,16.885189999999998,0.047579699999999996
267.733704,5.136757,0.032889999999999996,1.01916,0.42791,0.0598712,0.0322128,16.57299,0.05735930000000001
166.68673700000002,72.249886,0.03784,-1.1175700000000002,0.24616999999999997,-0.0291423,0.0347543,16.90628,0.0576807
286.988403,43.806118,0.04622,0.7691100000000001,0.12609,-0.123623,0.0317591,16.71013,0.04861119999999999
8.930728,14.465013,0.0364,-1.10994,0.22359,0.00205978,0.0302325,16.8794,0.0446156
272.320557,44.660744,0.04728,1.0137,0.5290100000000001,-0.0676578,0.0311743,16.89268,0.04548219999999999
349.64587400000005,48.723553,0.03461,-1.80971,0.10737000000000001,0.00533518,0.0411496,16.61455,0.087312
134.34491,51.172897,0.04385,0.09553769999999999,0.19907,0.0541625,0.0337209,17.11125,0.0535283
243.61161800000002,17.79051,0.04087,0.22880999999999999,0.12803,-0.0370129,0.029507099999999998,16.90096,0.041771499999999996
129.997253,21.033209,0.03858,0.28624,0.17075,0.0249561,0.0323967,17.01755,0.0473849
341.784821,0.5655020000000001,0.042730000000000004,0.77112,0.75165,-0.0483161,0.0335282,16.81664,0.0504397
268.737488,60.340061,0.04618,1.19343,0.16408,0.0501699,0.0347467,17.0674,0.0601899
186.584091,12.261306,0.039560000000000005,-1.58879,0.10845999999999999,0.0156323,0.0334614,17.0642,0.0499682
309.781769,7.763214,0.03503,-0.379198,0.10530999999999999,0.14865,0.032945499999999996,17.127010000000002,0.0540866
194.444931,42.780132,0.0383,0.08722819999999999,0.0785189,0.13043,0.0302619,17.236929999999997,0.0431097
212.67430099999999,32.646095,0.04728,0.08875369999999999,0.18118,-0.095305,0.0300195,16.93122,0.0421403
37.634277000000004,46.306396,0.03744,-0.140345,0.20424,-0.024754400000000003,0.0324548,16.755779999999998,0.0535055
3.9906099999999998,20.419144,0.039889999999999995,-0.497355,0.16426,0.0840764,0.0326262,17.137729999999998,0.0485964
240.391052,23.058926,0.03898,-0.555952,0.19096,0.0367535,0.03800680000000001,17.04106,0.06600189999999999
145.10253899999998,31.127148,0.04745,1.03131,0.30063,-0.09508849999999999,0.0310368,16.94068,0.0426898
213.75851400000002,34.651759999999996,0.04222,-0.122404,0.15219000000000002,0.057407299999999994,0.031578800000000004,17.163079999999997,0.045982499999999996
178.708496,63.365196,0.03706,-1.62544,0.26548,0.05425309999999999,0.035664499999999995,17.17776,0.0676084
246.834579,17.502716,0.03403,-0.74868,0.13733,0.1975,0.0311933,17.28664,0.0455576
327.683014,12.042793,0.040119999999999996,0.48904,0.21431999999999998,0.0839375,0.0326844,17.055,0.051409800000000005
240.10273700000002,12.342514,0.03247,-2.1192599999999997,0.20422,0.1325,0.032284600000000004,17.22662,0.048200400000000004
22.852539,18.981539,0.0391,1.26726,0.49901999999999996,0.23751,0.0329754,17.32911,0.045907199999999995
162.73821999999998,23.436127,0.03393,-2.30305,0.16715,0.22682,0.030116000000000004,17.37677,0.0437496
160.53636200000003,51.671227,0.043660000000000004,-0.05439600000000001,0.10169,0.06381469999999999,0.030615800000000002,17.21247,0.0425995
132.929565,44.627548,0.04802,0.14670999999999998,0.18117,-0.0164462,0.0356454,17.095979999999997,0.0660569
195.265289,8.105595,0.0468,0.83711,1.21559,-0.197908,0.083003,16.84314,0.13895
243.55896,5.266795,0.04382,-0.9762120000000001,0.1143,-0.0228737,0.036358,17.02659,0.0653201
254.680618,56.839115,0.04161,-2.0463400000000003,0.10246,0.07940069999999999,0.04311,17.30114,0.08335269999999999
142.85398899999998,51.011967,0.04005,-2.41862,0.11982999999999999,-0.12306500000000001,0.0284957,17.006079999999997,0.041526099999999996
245.85150099999998,51.109103999999995,0.04583,-0.00357272,0.26316,0.0263926,0.0369561,17.19557,0.05615219999999999
251.43588300000002,55.088947,0.0412,-1.54855,0.16310999999999998,0.11495999999999999,0.042053600000000003,17.35976,0.08216989999999999
141.356293,48.224579,0.04116,1.11887,0.25545,0.11475,0.038856199999999994,17.327920000000002,0.0702725
154.61691299999998,45.170933000000005,0.04879,-0.00894291,0.08355499999999999,-0.11723399999999999,0.0287101,17.05259,0.0392175
112.51741000000001,21.079716,0.045610000000000005,-0.340454,0.18932000000000002,0.024393900000000003,0.0308047,17.148329999999998,0.044387199999999995
357.47454799999997,12.220907,0.04274,-0.23261700000000002,0.33462,-0.041569800000000004,0.043994099999999994,17.07603,0.0815212
46.715176,16.833393,0.035910000000000004,-2.4367400000000004,0.37466,-0.03551409999999999,0.0324425,16.87486,0.0512605
189.706711,17.543737,0.03754,-2.2743599999999997,0.09680230000000001,0.19068,0.030111400000000003,17.4844,0.044972000000000005
154.47879,68.755775,0.04083,-2.36345,0.22351999999999997,-0.0491721,0.04765030000000001,17.12799,0.07294310000000001
140.112671,0.544024,0.039310000000000005,0.76089,0.12669,0.15663,0.0309786,17.38423,0.0438283
121.569275,45.315071,0.043230000000000005,0.85225,0.1777,0.07320349999999999,0.031160200000000002,17.23895,0.045019800000000006
329.680817,33.534935,0.04698,1.3276299999999999,0.16218,0.0271013,0.0329995,16.98878,0.0507299
299.471466,10.25796,0.03735,0.34063000000000004,0.17403,0.0257481,0.0343773,16.77149,0.0617198
205.81059299999998,14.891022,0.04528,-1.51918,0.16330999999999998,-0.0547514,0.029803700000000002,17.16103,0.0417745
280.096924,67.61544,0.04238,-1.05637,0.16527,0.10579000000000001,0.0313453,17.28098,0.045427300000000004
331.411041,4.237015,0.0531,0.35796,0.0801673,-0.037211900000000006,0.0300823,17.17548,0.040912000000000004
150.664658,24.927301,0.054529999999999995,1.668,0.12055999999999999,-0.0353129,0.030755200000000003,17.19833,0.041881
4.96277,18.934725,0.03864,-0.8554309999999999,0.2608,0.12946,0.0397132,17.38743,0.061567
240.09094199999998,24.897617,0.04432,-1.17177,0.17292000000000002,-0.041853800000000004,0.0322646,17.13477,0.0477175
229.827637,52.25322,0.049010000000000005,1.06532,0.2309,0.00026328,0.0373552,17.29966,0.0682227
193.41186499999998,62.104732999999996,0.049819999999999996,-0.669492,0.0783789,-0.0948827,0.029581299999999998,17.20168,0.040616
211.159515,33.190571000000006,0.04584,1.38437,0.16235,0.15041,0.037270099999999994,17.50887,0.0625491
333.55465699999996,12.704131,0.053439999999999994,0.66472,0.0921094,-0.0137102,0.0304621,17.18815,0.0423744
189.09758,47.056103,0.03782,-2.36815,0.12771,0.052496,0.0303416,17.39378,0.043272000000000005
104.40519,35.103786,0.048060000000000005,0.55591,0.18843,-0.0729227,0.0326433,17.05431,0.0495394
270.517731,36.409240999999994,0.05171,1.0535,0.21486,0.0320473,0.0321621,17.331310000000002,0.04606969999999999
202.72403,50.724255,0.04409,-1.6693,0.14967,-0.0487244,0.030907,17.297929999999997,0.0446163
332.428162,20.689873000000002,0.046830000000000004,-2.0201700000000002,0.30501999999999996,-0.0732551,0.053723400000000004,17.15154,0.10079
127.87841,34.875957,0.039439999999999996,-1.7000400000000002,0.11497,0.07142849999999999,0.0336544,17.39087,0.053669100000000004
190.845596,68.278008,0.04236,0.21316,0.51636,0.24474,0.0400817,17.68154,0.0790087
236.456177,48.65213,0.04757,0.10071000000000001,0.1379,-0.0652551,0.0330824,17.28142,0.0523962
333.605316,39.943077,0.03595,-1.52531,0.19141,0.0477874,0.0337814,17.10586,0.053789
189.931442,37.106316,0.05725,1.01954,0.20975,-0.08054510000000001,0.0328385,17.28985,0.0469856
215.199646,77.236435,0.04987,0.45241000000000003,0.19179000000000002,0.0163019,0.0320279,17.37173,0.043989099999999996
238.21942099999998,64.61615,0.049389999999999996,-0.41274799999999995,0.10225,-0.0517359,0.0303236,17.32757,0.0417696
21.939095000000002,3.013921,0.05487,0.71487,0.22991,-0.0928794,0.0314803,17.289579999999997,0.044385
88.143013,74.800888,0.03875,-2.3157799999999997,0.66783,-0.11734000000000001,0.0328599,16.84098,0.055322
191.841431,47.367020000000004,0.047939999999999997,-0.163537,0.0905685,0.15325999999999998,0.032598300000000004,17.63431,0.045028399999999996
207.041809,31.930840999999997,0.0488,-0.326027,0.2236,-0.014905799999999999,0.030106900000000002,17.41003,0.0419171
30.964287,1.701934,0.04546,-0.36998400000000004,0.08829580000000001,0.15872999999999998,0.0308243,17.61487,0.0430827
239.69627400000002,46.821442,0.047310000000000005,0.5906,0.17579,0.1665,0.0326748,17.662760000000002,0.0468561
172.261246,47.246928999999994,0.049589999999999995,0.29805,0.12487000000000001,0.0163702,0.0334114,17.45107,0.04693
280.953949,48.740219,0.053110000000000004,0.80494,0.25388,-0.00489137,0.039287699999999995,17.328979999999998,0.0687357
201.072968,54.805626000000004,0.054439999999999995,0.51385,0.2386,-0.0985753,0.0303462,17.310589999999998,0.0467621
115.290573,0.149849,0.04646,-1.45716,0.60296,-0.0406935,0.0319327,17.32265,0.043760400000000005
208.80429099999998,23.855406,0.04505,-2.3256099999999997,0.17252,-0.0336548,0.029880900000000002,17.41856,0.0424819
213.452744,11.477922999999999,0.05565,-0.295952,0.18729,-0.032080000000000004,0.045152199999999997,17.41558,0.0978589
36.022984,32.202007,0.0457,-1.30782,0.19025999999999998,-0.0150827,0.036539,17.308529999999998,0.0678158
198.861313,16.956606,0.05382000000000001,0.28549,0.31982,-0.0225945,0.0401689,17.419710000000002,0.0663269
23.277964,27.301958000000003,0.04757,0.60328,0.28158,-0.023256400000000003,0.0327407,17.20005,0.0515526
268.903656,13.709578,0.05326,0.34879,0.3212,-0.114303,0.0395337,17.1162,0.0649464
149.07394399999998,31.345556,0.05331,-1.18108,0.16544,-0.05596990000000001,0.0320501,17.4072,0.0465641
238.24560499999998,22.735073,0.04165,-1.1872,0.30651999999999996,0.0578989,0.0342257,17.45652,0.0499039
4.5026470000000005,22.080187,0.041760000000000005,-0.5265770000000001,0.23192,0.10880999999999999,0.032939800000000005,17.53388,0.0470156
231.772858,68.742676,0.05295,-0.659144,0.12410999999999998,0.00412024,0.0300834,17.474510000000002,0.0412884
37.473259000000006,26.9146,0.04616,-0.861885,0.18370999999999998,0.0328125,0.035971699999999995,17.27029,0.0564466
109.070206,17.480145999999998,0.044160000000000005,1.3185,0.12015999999999999,0.13552,0.032363,17.27508,0.052448699999999994
241.106644,43.879574,0.05952999999999999,-1.24358,0.18978,-0.133497,0.049173900000000006,17.35155,0.10689000000000001
278.24206499999997,40.65786,0.0451,-2.33017,0.11025,0.10980999999999999,0.0307215,17.56186,0.0435181
59.756744,25.320864,0.039619999999999995,-2.62485,0.25319,-0.0113635,0.0437069,17.00346,0.0887939
213.32331800000003,69.536346,0.04532,0.67911,0.11227000000000001,0.19785,0.0310976,17.75667,0.0429842
138.719482,9.116378,0.04587,-1.6223,0.1293,-0.00658337,0.030519400000000002,17.437910000000002,0.0442326
120.35041000000001,60.708305,0.04349,-0.604571,0.30858,0.16427999999999998,0.0360445,17.61786,0.0555971
119.64544699999999,7.587397,0.050710000000000005,-0.9187219999999999,0.15464,0.0447846,0.036932599999999996,17.57258,0.0692345
118.51401499999999,7.847022,0.06747,1.68692,0.30423,-0.06141030000000001,0.0323371,17.4483,0.0442652
223.40264900000003,76.017464,0.04713,-0.925107,0.41767,0.00519476,0.031693099999999995,17.49545,0.044959
185.786652,25.542414,0.04969,-1.68345,0.16707,-0.018693900000000003,0.0321572,17.49294,0.047600300000000005
242.355469,31.100659999999998,0.046810000000000004,-0.0416959,0.11317,0.0473309,0.0316608,17.537329999999997,0.0444279
8.664309,52.69095600000001,0.03437,-1.276,0.09697130000000001,0.0969758,0.0315449,17.167579999999997,0.0557275
175.383469,46.528061,0.046130000000000004,0.24631,0.36578,0.0698699,0.042297,17.59477,0.09061319999999999
154.733429,27.705132,0.05791,1.14717,0.13924,0.0140512,0.030702099999999996,17.51586,0.0428779
17.506281,7.599138000000001,0.04778,-1.6405599999999998,0.10378,0.0505124,0.0304796,17.518710000000002,0.0431389
262.159668,46.950527,0.05201,-2.56664,0.36008,-0.00323216,0.061512,17.531129999999997,0.11717000000000001
272.78558300000003,38.008259,0.05014,-1.8828200000000002,0.19621,-0.07125980000000001,0.030389,17.3847,0.0426829
117.31979399999999,38.465405,0.046919999999999996,-0.6359670000000001,0.28798,0.0444641,0.0350712,17.533520000000003,0.0560898
241.214035,54.310646,0.057370000000000004,0.97735,0.29813,0.017735400000000002,0.031226499999999997,17.584529999999997,0.0420066
193.41186499999998,62.104767,0.049819999999999996,0.20786999999999997,0.10227,0.0922544,0.0320533,17.66822,0.044331300000000004
166.34321599999998,17.856033,0.05942000000000001,0.18344000000000002,0.29445,-0.09684910000000001,0.0335645,17.423779999999997,0.0496944
26.897238,5.036379,0.04649,-2.31288,0.28334000000000004,-0.00978369,0.0445024,17.48825,0.07020989999999999
226.378357,18.34874,0.06387999999999999,0.7924399999999999,0.20765999999999998,-0.0354458,0.031578300000000004,17.49417,0.044003
63.96946,76.694939,0.048139999999999995,-0.060773900000000006,0.28989000000000004,-0.0663688,0.033578199999999996,17.11804,0.0560562
271.234039,30.369431,0.04505,-0.360175,0.34946,0.000670876,0.047073199999999996,17.43554,0.08055110000000001
237.727631,8.016149,0.054470000000000005,-0.14583,0.2139,-0.0386172,0.0330781,17.4685,0.0486744
173.230164,37.382069,0.05499,-0.981517,0.37518,-0.0668125,0.0470149,17.48818,0.0993329
243.101562,7.280664,0.051160000000000004,-0.867914,0.52418,-0.0745549,0.0307377,17.39789,0.0430723
29.63147,34.549507,0.04906,-1.6608599999999998,0.32329,-0.081488,0.03747709999999999,17.35801,0.06747230000000001
130.004166,50.810673,0.043160000000000004,-0.537407,0.36399000000000004,0.14929,0.0326638,17.762629999999998,0.047118
213.398514,28.601477000000003,0.054220000000000004,-0.7632680000000001,0.19344,0.041499,0.036759,17.6556,0.053514400000000004
348.14752200000004,9.770622999999999,0.052570000000000006,1.4886700000000002,0.21134,0.0505504,0.031022900000000003,17.60476,0.042656099999999995
173.657516,38.898163000000004,0.04183,-2.25766,0.34249,0.060291,0.042589499999999995,17.663120000000003,0.0858119
182.862122,64.765335,0.05496,-1.70219,0.26942,-0.055839099999999996,0.0327824,17.53801,0.04754919999999999
74.05069,0.202262,0.04687,-0.198164,0.22286,0.17877,0.043480300000000006,17.67237,0.0845824
228.305344,1.735886,0.05882999999999999,1.37976,0.25609,-0.0101259,0.0377353,17.52094,0.06517809999999999
264.00073199999997,67.60607900000001,0.054529999999999995,1.30544,0.20145,0.0546,0.04481280000000001,17.59954,0.072213
154.664948,14.782344,0.061810000000000004,0.7116600000000001,0.40635,0.0283452,0.037218,17.57123,0.0627047
94.525063,52.332783,0.0376,-0.40507,0.10870999999999999,0.25575,0.0317172,17.59828,0.051259900000000004
145.298279,54.275397999999996,0.056670000000000005,0.26002,0.23243000000000003,-0.0750257,0.031062299999999998,17.52681,0.04150569999999999
131.195999,68.114204,0.0583,-0.588033,0.19932,-0.05861469999999999,0.047972900000000006,17.52185,0.10565
283.303894,71.25314300000001,0.04596,0.19493,0.26814,0.19187,0.0367945,17.71055,0.0640847
242.752792,8.922498,0.050839999999999996,-0.177618,0.12440999999999999,0.018296400000000004,0.0304428,17.59115,0.0415193
172.70752,55.746773,0.04493,-0.221504,0.12426,0.20473,0.0310388,17.89467,0.043830900000000006
262.307373,48.292683000000004,0.05364,0.8915,0.10762999999999999,0.00654291,0.031522800000000004,17.59812,0.043117800000000005
343.09729,12.630994,0.04717,0.12389000000000001,0.33293,0.16732,0.038787300000000004,17.63235,0.0595232
88.643585,54.697906,0.04775,1.23151,0.26719,-0.0377599,0.0419664,17.129820000000002,0.0778913
253.501923,16.391388,0.04994,-0.471512,0.22211,0.026744099999999996,0.033653300000000004,17.52584,0.0521573
144.631531,12.867307,0.05594,-1.52534,0.13165,-0.12366500000000001,0.029945199999999998,17.4582,0.0419101
54.219353000000005,75.692551,0.04605,1.38345,0.25361,0.019190799999999997,0.033576,17.20131,0.0550741
114.996201,8.730373,0.050710000000000005,-0.801768,0.18512,0.058377,0.0324728,17.660729999999997,0.046081699999999996
5.284128,24.136648,0.05296,-0.308398,0.10051,0.00179379,0.030527299999999997,17.58138,0.042166699999999994
290.984894,60.217209,0.04601,0.55706,0.24681,0.17655,0.042972,17.73564,0.074923
232.39061,72.61393699999999,0.04856,-1.7590299999999999,0.2001,-0.00462397,0.0319421,17.63014,0.0456299
319.070038,10.419448,0.06532,1.36075,0.26338,0.00735772,0.0320337,17.575870000000002,0.0436049
310.417908,19.180029,0.05319,1.5195,0.3127,0.0400202,0.020248699999999998,17.49452,0.034886900000000005
38.398945,28.577616,0.04593,-2.67979,0.21925999999999998,-0.0116181,0.031660400000000005,17.457620000000002,0.047336699999999995
17.817257,29.296751,0.05599,1.31939,0.28826999999999997,0.1267,0.0361386,17.71689,0.0543597
28.053057,22.465321,0.04166,-2.5270799999999998,0.20415,0.0542548,0.035293599999999994,17.58476,0.0525953
210.30187999999998,7.599332,0.053939999999999995,-1.7628599999999999,0.15721,-0.0711285,0.033831900000000005,17.569679999999998,0.0482705
118.10021200000001,34.595397999999996,0.05616,0.30321,0.11141,0.0484236,0.0310764,17.67737,0.042061699999999994
247.926712,59.069286,0.0599,0.68766,0.92848,-0.0450526,0.0641249,17.6397,0.13074000000000002
290.984833,60.217239,0.04601,-0.299845,0.30039,0.22199000000000002,0.0331541,17.84058,0.0484779
121.634552,22.015099,0.061520000000000005,1.05863,0.27702,0.026955700000000003,0.03887430000000001,17.662589999999998,0.053543600000000004
18.947702,0.6216020000000001,0.055020000000000006,1.49517,0.30867,0.012416,0.0331741,17.67267,0.0469632
235.580154,55.654167,0.05445,0.16488,0.16915,0.0903273,0.032073000000000004,17.83253,0.0436306
80.77914399999999,74.625496,0.05051,-0.09766169999999999,0.40475,0.0761847,0.0354207,17.44585,0.0668271
36.238777,29.758436,0.04827,-2.19208,0.26915,-0.0227724,0.039582099999999995,17.521379999999997,0.07189680000000001
210.802139,23.417019,0.05925,0.37062,0.16806,-0.115165,0.0312168,17.55295,0.0428852
227.005356,5.598259,0.0618,0.8849100000000001,0.23089,0.0304302,0.0327297,17.70557,0.0458496
205.528473,36.860434999999995,0.0525,-1.37753,0.09510489999999999,0.0374332,0.02999,17.79085,0.041951
164.907593,33.942581,0.056139999999999995,1.13968,0.30191,0.055457000000000006,0.0339251,17.78365,0.05001459999999999
212.67689500000003,65.782249,0.054770000000000006,-0.49399099999999996,0.17787999999999998,0.0123309,0.036843400000000005,17.7387,0.0675045
181.085709,74.753967,0.05343,-1.77722,0.2212,-0.059352699999999994,0.0317747,17.61685,0.0454517
239.732269,22.662563000000002,0.042289999999999994,-1.83217,0.27444,0.12654,0.0333781,17.7956,0.049150400000000004
355.76705899999996,29.601906,0.04919,-2.7391099999999997,0.14579,-0.118716,0.0311541,17.26915,0.0502429
183.40976,42.694069,0.05902999999999999,0.37795,0.26089,0.0230169,0.0431296,17.78027,0.0803589
192.26741,5.199515,0.06318,0.6976,0.2944,0.0580015,0.032261200000000004,17.81438,0.0438594
302.210724,8.421303,0.05061,-1.03054,0.41933000000000004,-0.13776,0.0379219,17.22541,0.0617503
332.28369100000003,5.403167,0.056179999999999994,-1.6517,0.27752,-0.13167,0.044703,17.523870000000002,0.0728827
207.50518799999998,41.17625,0.05875,0.4179,0.20754,0.0270541,0.0322242,17.82649,0.0448641
5.073804,14.283154999999999,0.04999,1.4871299999999998,0.14182999999999998,0.20825,0.032970099999999995,17.9416,0.0459827
248.70375099999998,41.437290000000004,0.055020000000000006,0.29056,0.23919,0.08996330000000001,0.0289598,17.90656,0.0406497
244.286575,48.84211,0.05351,-2.9517,0.33533,-0.05122,0.053970500000000005,17.72617,0.0773919
297.592194,75.790154,0.04941,0.16423,0.0991195,-0.0186814,0.030568599999999998,17.46205,0.046089599999999994
350.25061,34.931488,0.05149,-0.144804,0.24524,0.10697999999999999,0.0357999,17.68555,0.0524099
166.91503899999998,8.663445,0.06215,0.28824,0.27473000000000003,0.07646739999999999,0.0348401,17.8574,0.0518429
200.29896499999998,63.380458999999995,0.049389999999999996,-1.8312400000000002,0.11703,0.0386526,0.0303264,17.822670000000002,0.041904500000000004
334.348206,21.031925,0.04402,-2.14078,0.10409000000000002,0.07382230000000001,0.030698900000000005,17.77589,0.0444255
344.746246,13.363314,0.047060000000000005,0.0199107,0.57111,0.10667,0.046948500000000004,17.75337,0.0970385
2.566975,46.871292,0.05757,0.72968,0.24931,0.05834450000000001,0.0434589,17.67151,0.08414869999999999
318.514923,10.812548,0.059370000000000006,2.49059,0.53701,0.0449042,0.051137300000000004,17.70844,0.0725326
332.207703,15.012685000000001,0.04902,-0.313853,0.27452,0.09570269999999999,0.0392582,17.79586,0.0628527
168.13966399999998,43.152485,0.06742000000000001,1.691,0.41313999999999995,-0.056837900000000004,0.0327283,17.7244,0.049308099999999994
248.046173,40.215590999999996,0.06214,-0.9305450000000001,0.17673,-0.0579212,0.041889300000000004,17.74444,0.0849828
17.969461,-11.677342,0.01245,-0.706158,0.0366156,0.052768100000000005,0.0270122,14.48851,0.0400528
330.05426,-53.553013,0.01823,1.96833,0.13677,0.013386600000000002,0.029412400000000002,14.77674,0.0426023
233.71841400000002,-77.412102,0.01669,1.4472399999999999,0.12047999999999999,0.0474381,0.0298939,14.66666,0.0464041
229.71472200000002,-11.843727000000001,0.0138,-0.6247229999999999,0.074711,0.029089,0.0277279,14.661829999999998,0.0455643
166.83789099999998,-1.0013370000000001,0.016309999999999998,0.26349,0.0630582,-0.027037400000000003,0.0284778,14.81311,0.042675599999999994
142.355286,-8.361188,0.0153,-1.0732899999999999,0.0717477,0.00204744,0.0332006,15.000229999999998,0.05558330000000001
290.97427400000004,-32.331707,0.01825,0.11993,0.22444,0.0531874,0.0293408,15.22207,0.0456289
150.000748,-23.918020000000002,0.01907,-0.119425,0.0617184,-0.053024699999999994,0.0279435,15.19016,0.0416562
152.862396,-18.632710999999997,0.01845,0.62644,0.0605526,0.0336594,0.028728700000000003,15.35718,0.0427457
320.030975,-5.32774,0.021759999999999998,0.97296,0.1204,-0.123699,0.027587200000000003,15.176639999999999,0.0406346
32.46283,-50.30415,0.02603,2.32242,0.21370999999999998,0.000904858,0.0291505,15.5497,0.042299699999999996
342.769867,-70.35994000000001,0.02342,1.04474,0.07215110000000001,0.16569,0.028892200000000003,15.81158,0.0418155
1.103634,-43.446548,0.024,-0.6255970000000001,0.32534,0.0731009,0.0513894,15.791720000000002,0.12859
17.019939,-18.644710999999997,0.025330000000000002,-0.21897199999999997,0.06431680000000001,-0.0442429,0.027931099999999997,15.74566,0.0397709
29.250066999999998,-24.720936,0.026180000000000002,-0.280956,0.0792457,0.041895800000000004,0.029350599999999998,15.95451,0.043099599999999995
94.084862,-51.461552000000005,0.024419999999999997,0.9179,0.13747,0.0558965,0.0318502,15.89667,0.048384699999999996
292.32018999999997,-44.445614,0.02371,-0.516599,0.14414000000000002,-0.0461872,0.034313199999999995,15.75961,0.06403400000000001
32.679817,-57.295109,0.02367,-1.0033299999999998,0.19091,0.0306557,0.037793099999999996,15.991320000000002,0.10417
300.39300499999996,-52.903351,0.0216,-1.48045,0.069121,0.0768566,0.0283835,16.06011,0.0417591
101.51424399999999,-36.651203,0.025789999999999997,0.64203,0.12974000000000002,-0.0631745,0.029852499999999997,15.61514,0.049058
59.902275,-5.853905999999999,0.0316,0.64827,0.12834,-0.070374,0.0318781,15.785979999999999,0.0474298
40.787811,-35.078911,0.0294,-0.554579,0.10363,-0.0832023,0.0293137,15.94912,0.042382800000000005
232.88743599999998,-38.665592,0.01929,0.00210082,0.0726985,0.16557,0.030395699999999998,15.92871,0.0537596
215.263702,-25.122223,0.02434,-0.229437,0.0659545,-0.127505,0.027274200000000002,15.79994,0.0410621
1.378124,-44.205276,0.02404,-0.820843,0.0755495,0.2226,0.0303834,16.481920000000002,0.0438413
99.362648,-61.076556999999994,0.02465,-2.67665,0.10587,-0.013447999999999998,0.030889,16.00521,0.048053500000000006
127.1446,-73.46198299999999,0.02592,0.81752,0.0708087,0.0524011,0.029524,15.9505,0.0465916
45.403267,-44.850322999999996,0.03259,0.8308700000000001,0.10825,-0.0335781,0.0318863,16.10891,0.054695400000000005
66.33805799999999,-27.20962,0.03162,-0.177,0.10993,0.0344114,0.0302827,16.145670000000003,0.0442468
307.17395,-24.463497,0.025769999999999998,0.37922,0.12699000000000002,0.0178067,0.032621199999999996,16.032420000000002,0.055654499999999996
22.075338000000002,-68.410744,0.033089999999999994,1.2860200000000002,0.17239000000000002,-0.0376764,0.0325286,16.10555,0.053136300000000004
185.538452,-5.4489410000000005,0.02872,-0.729809,0.16626,-0.011372799999999999,0.028372,16.155920000000002,0.0411391
280.008484,-37.349998,0.02575,0.37426,0.0751357,0.061569000000000006,0.0310432,16.05199,0.0487446
277.673004,-37.95208,0.026930000000000003,0.51342,0.0797099,0.03628819999999999,0.029305200000000003,16.09745,0.044490800000000004
29.14772,-65.989594,0.036019999999999996,1.63836,0.5231399999999999,-0.0174593,0.039731,16.22407,0.07133710000000001
281.85672,-37.094162,0.030660000000000003,0.20498000000000002,0.10768,-0.0484625,0.0332747,16.06721,0.055817200000000004
74.47878299999999,-3.441874,0.03227,-0.119342,0.4103,0.0345269,0.0705678,16.31715,0.10563
9.228944,-70.317101,0.032119999999999996,0.44114,0.059153899999999995,-0.046563,0.0275344,16.226029999999998,0.0390029
97.185997,-51.079689,0.03505,1.9550400000000001,0.17674,0.0404582,0.0322745,16.286360000000002,0.0477811
150.943283,-29.311415000000004,0.029830000000000002,0.6592100000000001,0.1356,0.06664160000000001,0.0315901,16.25995,0.049941
31.543489,-41.423908000000004,0.0294,-2.30442,0.0937668,-0.07625660000000001,0.0288704,16.28685,0.0412663
14.868479,-78.46991700000001,0.0317,0.32151,0.058929199999999994,-0.00128276,0.0290757,16.24845,0.0423155
211.71276899999998,-26.26425,0.03259,-0.000224682,0.1347,0.00270282,0.0309413,16.27606,0.0448949
125.938194,-77.62352800000001,0.02837,0.1811,0.10765,-0.104279,0.029332,16.002679999999998,0.045672000000000004
1.146466,-8.618580999999999,0.03596,-0.49543100000000007,0.059593499999999994,-0.060002599999999996,0.010630200000000001,16.29032,0.0201254
180.942047,-39.592979,0.02717,-0.690175,0.14767,0.00517455,0.029608299999999997,16.19828,0.0455456
46.628840999999994,-38.744453,0.03335,0.13151,0.11219000000000001,-0.015434999999999999,0.031049900000000002,16.381629999999998,0.0443524
194.46353100000002,-12.779809,0.02281,-2.20585,0.21320999999999998,0.25773,0.0463589,16.73865,0.07585750000000001
193.04863,-40.043488,0.031810000000000005,1.82645,0.16802999999999998,0.039423400000000004,0.031348900000000006,16.264129999999998,0.047829
341.878296,-1.4295639999999998,0.03117,1.08772,0.11742000000000001,0.0526752,0.03424,16.34584,0.0523946
320.657074,-0.6889609999999999,0.028239999999999998,-0.255819,0.0935659,0.0939699,0.0330766,16.53448,0.05739880000000001
161.91683999999998,-31.608082,0.027780000000000003,-2.64568,0.13697,0.0211201,0.0429465,16.35165,0.0821297
197.381393,-11.438931,0.030330000000000003,-0.19761900000000002,0.06259239999999999,-0.017078599999999996,0.0283194,16.3599,0.0411665
298.262421,-56.935074,0.03249,1.41954,0.14743,-0.028617700000000003,0.032253199999999996,16.355829999999997,0.048946699999999996
3.352404,-68.071907,0.02814,-1.54835,0.16512000000000002,0.11746,0.038595,16.63738,0.0721042
33.74017,-60.699635,0.03903,0.48733000000000004,0.41818,-0.08078510000000001,0.028993900000000003,16.334989999999998,0.040623400000000004
138.496902,-74.762749,0.033030000000000004,-0.359875,0.50689,-0.102216,0.08338229999999999,16.11873,0.20715
13.879866,-58.15113100000001,0.031330000000000004,-1.81807,0.10635,-0.0224234,0.029589099999999997,16.51037,0.0417254
335.920166,-52.712112,0.03025,-1.75368,0.26516,0.10734,0.0356974,16.71868,0.06714760000000002
158.805634,-29.809454,0.0368,-0.39306399999999997,0.1938,-0.063325,0.029273300000000002,16.40294,0.044899699999999994
9.684529,-65.102173,0.030860000000000002,-1.73157,0.18169000000000002,0.0214773,0.041580599999999995,16.60848,0.0662539
296.87735,-41.402561,0.02502,-2.22791,0.10588,0.10387,0.029644999999999998,16.636570000000003,0.0440653
128.264557,-20.035967000000003,0.034460000000000005,1.20678,0.0769817,0.0627962,0.0297869,16.47627,0.0445075
174.20606999999998,-11.164845,0.03266,0.98619,0.35663,0.0520295,0.0307853,16.6328,0.0451176
126.33258799999999,-25.026135999999997,0.03385,-0.382035,0.18511,0.021231599999999996,0.030428500000000004,16.43119,0.0462243
151.633972,-42.178925,0.02506,-1.38671,0.162,0.23453000000000002,0.0342981,16.6238,0.0625485
79.300392,-3.988957,0.029660000000000002,-1.32853,0.11481,0.0223241,0.0308722,16.199189999999998,0.055441899999999995
122.439209,-71.91774000000001,0.03507,0.64388,0.0780362,-0.08492949999999999,0.027931599999999997,16.1811,0.04588130000000001
9.907258,-19.072029,0.03399,-1.4788299999999999,0.0794655,-0.017652,0.0291048,16.615470000000002,0.041768099999999996
298.508392,-31.082171999999996,0.02449,-1.1084,0.24090999999999999,0.16657,0.0425514,16.59496,0.0861041
338.437408,-23.203749,0.0324,-1.43629,0.13251,0.0772748,0.0291615,16.77405,0.04153130000000001
25.420216,-30.689472,0.038060000000000004,-0.6361359999999999,0.12188,0.0488742,0.0341098,16.77169,0.05403380000000001
214.359879,-13.829481,0.03653,-1.90766,0.1952,-0.0834409,0.042043000000000004,16.462020000000003,0.0850118
160.495956,-11.094305,0.03997,0.29691,0.17947000000000002,-0.012376999999999999,0.0317328,16.63565,0.047666900000000005
8.690887,-4.274483,0.032869999999999996,-2.8561900000000002,0.0691378,-0.0410123,0.026325499999999998,16.63073,0.0382593
214.434662,-17.425129000000002,0.03296,0.8581700000000001,0.11556,0.14762999999999998,0.0375673,16.6997,0.059432500000000006
67.707886,-12.103000999999999,0.03746,0.9159700000000001,0.12397999999999999,-0.07647849999999999,0.029374,16.5444,0.0415065
49.784763,-56.604191,0.03217,-1.2563799999999998,0.0914773,0.19764,0.0392105,16.98763,0.0775488
66.456795,-9.680035,0.02992,-0.339855,0.088874,0.28726999999999997,0.029556400000000004,16.945120000000003,0.0445556
187.405426,-29.103223999999997,0.03778,2.04581,0.19956,0.19722,0.0323028,16.87146,0.0463564
193.089462,-6.101966,0.032,-2.66718,0.18728,0.0519776,0.0361144,16.80197,0.057913
85.550774,-31.828484000000003,0.03486,0.78892,0.11531,0.17718,0.0357371,16.948179999999997,0.0590696
269.420319,-44.982258,0.02992,1.09969,0.19347,0.04170530000000001,0.032469200000000004,16.40888,0.0546918
127.557869,-18.228268,0.03492,-0.369787,0.18524000000000002,0.089226,0.030360200000000004,16.7492,0.0447658
284.064545,-40.146557,0.028569999999999998,-2.96896,0.13877,0.03282480000000001,0.029774400000000003,16.6917,0.044194800000000006
189.47538799999998,-12.533063,0.03991,0.41871,0.24391999999999997,0.021884400000000002,0.0304127,16.70834,0.0432862
343.767548,-77.172554,0.0297,-1.53731,0.39563000000000004,-0.0589241,0.0300585,16.3989,0.047392699999999996
52.076889,-42.040981,0.04058,0.84135,0.1747,-0.0103241,0.0299527,16.75977,0.041929900000000006
29.354136999999998,-29.596242999999998,0.03228,-2.23592,0.0847959,0.059042700000000004,0.028839499999999997,16.86185,0.042540100000000004
62.997898,-49.154655,0.03625,-2.3191599999999997,0.42905,-0.047486099999999996,0.032465,16.728679999999997,0.0482889
33.049946000000006,-41.029266,0.03967,0.39174000000000003,0.09962889999999999,-0.0402657,0.0314928,16.73123,0.0466383
187.705826,-41.727534999999996,0.04082,0.061559800000000005,0.16385,-0.025335299999999998,0.033642,16.57302,0.0531689
331.029449,-9.101542,0.03427,-0.8471870000000001,0.18087999999999999,0.00375264,0.0314846,16.752760000000002,0.0460217
227.342682,-9.025569,0.02588,-1.36004,0.21919,0.27686,0.0341293,16.9986,0.05601180000000001
302.039429,-21.836494000000002,0.03653,-1.0893,0.12322999999999999,-0.047600800000000006,0.03669,16.46309,0.0723587
19.052402,-22.783627,0.03717,1.92563,0.27236,0.19897,0.039479900000000005,17.04433,0.063778
155.289185,-28.146021,0.04585,1.1289,0.13003,-0.0399028,0.0390228,16.651870000000002,0.06006990000000001
27.153143,-7.2991600000000005,0.03741,0.36934,0.43493000000000004,0.08293489999999999,0.030757999999999997,16.896810000000002,0.0426096
191.442001,-47.993065,0.03311,0.42382,0.10669000000000001,-0.00990926,0.034310400000000005,16.556420000000003,0.0535261
193.515503,-37.979403999999995,0.0354,-0.630346,0.07340830000000001,0.028948500000000002,0.026230299999999998,16.75205,0.0382448
240.35577400000003,-14.528452,0.028789999999999996,-0.477458,0.4022,0.030094,0.0315916,16.41235,0.054776
96.57653,-56.274925,0.040260000000000004,0.43468,0.2064,-0.051187300000000005,0.0310094,16.61897,0.045750900000000004
21.759735,-68.416084,0.03163,-0.92219,0.13171,0.17522000000000001,0.0340707,17.060660000000002,0.052471000000000004
89.17460600000001,-29.808591999999997,0.03611,-0.509037,0.15467,0.027448700000000003,0.0309334,16.841260000000002,0.044235500000000004
219.385269,-31.430291999999998,0.0355,-1.80578,0.10257999999999999,0.00265564,0.0395435,16.72927,0.07985980000000001
181.501938,-42.000549,0.03272,-1.70944,0.41316,0.0751063,0.031204000000000003,16.665010000000002,0.051024099999999996
73.110985,-56.236088,0.04446,1.13463,0.12068,-0.044381800000000006,0.0315327,16.835639999999998,0.046927300000000005
25.658867,-28.61692,0.03704,-1.1045200000000002,0.16754000000000002,-9.115280000000001e-05,0.0297383,16.889979999999998,0.0413701
251.284927,-1.674532,0.02733,-2.14122,0.61275,0.10568,0.03296930000000001,16.63022,0.055497500000000005
74.40007,-18.647005,0.03951,-0.48645,0.21,-0.00020851099999999998,0.0365422,16.832829999999998,0.0559211
303.983612,-0.745841,0.02595,-2.94683,0.0846574,0.10327,0.030817,16.767970000000002,0.0504491
72.282227,-63.50677099999999,0.03952,0.77617,0.21833000000000002,0.0082617,0.0393402,16.87715,0.0793722
55.388718000000004,-55.765152,0.04684,0.7738,0.12205,-0.123123,0.0315627,16.73177,0.046931400000000005
21.230934,-5.674881,0.036410000000000005,-1.11929,0.23636,-0.028510700000000003,0.034500800000000005,16.832910000000002,0.056918899999999994
173.980682,-2.042625,0.03228,-2.36061,0.22994,0.19230999999999998,0.0302526,17.185589999999998,0.0442039
20.804316,-10.694817,0.04348,0.77274,0.0777292,0.022393200000000002,0.0299695,16.92999,0.041683099999999994
140.716431,-15.917813,0.0436,0.47497,0.20811,0.00938653,0.0316763,16.86739,0.0441471
306.184662,-26.818846,0.03961,0.39848,0.0929392,-0.036377,0.030560300000000002,16.77904,0.043361800000000006
29.011791,-26.218121000000004,0.0415,0.9027299999999999,0.19925,0.07026639999999999,0.031477099999999994,17.039920000000002,0.0471091
105.41216299999999,-30.216728000000003,0.03537,-0.0619081,0.079067,-0.0632425,0.029346499999999998,16.599970000000003,0.0458652
333.41796899999997,-3.211661,0.04258,-0.610607,0.13847,-0.0776683,0.0299721,16.705560000000002,0.0432755
158.091858,-11.578858,0.03985,-0.669868,0.1035,-0.00641155,0.0322405,16.885379999999998,0.0499913
188.585403,-45.115803,0.03875,0.45925,0.24338,0.060951,0.0333332,16.83699,0.0516981
76.753899,-7.773861999999999,0.038,0.7732399999999999,0.28114,0.020122,0.0356719,16.86617,0.060833500000000006
178.911987,-5.078536,0.03664,-0.425541,0.10232999999999999,0.0105745,0.036526300000000005,16.96955,0.0727034
326.78198199999997,-41.523014,0.0457,0.07128179999999999,0.17506,-0.0957243,0.0299226,16.86228,0.041884899999999996
219.827133,-32.747261,0.03658,-0.0770299,0.30859000000000003,0.0634174,0.0307226,16.91699,0.045047699999999996
88.226952,-30.543119,0.03681,-2.4186900000000002,0.35846,-0.036264300000000006,0.031625099999999996,16.92342,0.0453352
132.607666,-17.704464,0.03461,2.26945,0.51827,0.20681999999999998,0.0332399,16.93401,0.052851699999999995
346.048798,-26.553321999999998,0.0427,-0.990627,0.10263,-0.023603400000000004,0.034454000000000005,16.95523,0.0495359
30.539984000000004,-23.244619,0.04002,1.26502,0.48531,0.23725,0.033028800000000004,17.344279999999998,0.0451103
7.454636,-77.453125,0.036180000000000004,0.28274,0.17005,0.024191999999999998,0.0324361,16.9593,0.048126
323.058044,-1.7661310000000001,0.04605,1.8691400000000002,0.37378,-0.075744,0.031577,16.849529999999998,0.045273900000000006
29.432980999999998,-37.333942,0.03559,-1.27312,0.08016489999999998,0.0964861,0.0301423,17.17766,0.0423935
55.564098,-56.906223,0.04523,0.48062,0.14584,-0.076553,0.0300618,16.93202,0.0419478
13.547975,-52.606533,0.04163,-0.12048199999999999,0.16649,-0.051133099999999994,0.0311723,16.99464,0.0456125
202.067596,-32.680996,0.04382,1.27062,0.5306,0.0354399,0.036967400000000004,17.03059,0.0620275
172.907654,-1.7625369999999998,0.03322,-2.29868,0.16564,0.22753,0.030007,17.3902,0.0433101
288.420471,-21.737517999999998,0.039080000000000004,0.17294,0.16068,0.0624909,0.033248900000000005,16.89896,0.052073
83.836449,-19.505302,0.03391,-0.74867,0.1374,0.1975,0.0311908,17.28675,0.0455768
351.28125,-23.127270000000003,0.04573,0.55907,0.16810999999999998,-0.07606030000000001,0.0318712,16.97195,0.046188599999999996
335.149048,-2.6351459999999998,0.0436,1.02494,0.30543000000000003,-0.10069600000000001,0.0311033,16.80956,0.0445224
45.277859,-13.769266,0.04671,0.1463,0.17928,-0.0160491,0.0356031,17.04094,0.0658865
112.623512,-5.829331,0.0405,0.36368,0.18169000000000002,0.0240981,0.0400276,16.85089,0.0794731
154.919327,-21.215603,0.047,-0.40111399999999997,0.50773,-0.23851399999999998,0.10101,16.69371,0.20749
277.116333,-49.019573,0.04647,1.0463200000000001,0.53906,-0.0686962,0.0312928,16.89647,0.046829199999999994
7.189217,-22.956774,0.04819,-0.01375,0.0855317,-0.11790999999999999,0.028766399999999998,16.97169,0.0392417
161.369843,-45.384754,0.03337,-1.09448,0.07292919999999999,0.00139499,0.031792,16.63071,0.0566909
185.819107,-6.7103850000000005,0.04464,0.0772711,0.20728000000000002,0.055098,0.0339389,17.146160000000002,0.0544891
30.603838,-25.580911999999998,0.04205,-2.35328,0.21008000000000002,-0.0494417,0.0475498,17.07491,0.0714738
342.182343,-11.19978,0.04388,0.6050800000000001,0.19204000000000002,0.0680987,0.0325724,17.148989999999998,0.0470472
203.854172,-15.109936,0.04262,-0.5529689999999999,0.19892,0.0352066,0.038512,17.0748,0.06647280000000001
154.132523,-81.281219,0.03387,-2.21676,0.0979032,0.00138087,0.030650599999999997,16.83897,0.050228800000000004
93.219208,-52.655437,0.04797,1.1984700000000001,0.17792,0.048456,0.0355045,17.087979999999998,0.06402390000000001
137.07991,-9.897052,0.04018,-2.22585,0.62028,-0.118254,0.0314752,16.8962,0.0465227
198.299408,-33.687305,0.038860000000000006,-0.376048,0.10972,0.14794000000000002,0.0330494,17.24364,0.0534052
85.495995,-27.369612,0.05205,0.75388,0.21771999999999997,-0.112477,0.032192,17.00742,0.048025099999999994
87.354584,-46.420475,0.046439999999999995,0.8311200000000001,0.4773,-0.199262,0.034939,16.7989,0.0815468
169.700699,-6.839950999999999,0.0401,0.07733150000000001,0.0833912,0.12974000000000002,0.0304658,17.25946,0.043624800000000005
133.157883,-28.857719,0.03973,0.27405999999999997,0.16932,0.02553,0.032191700000000004,16.89339,0.052519399999999994
79.824867,-51.257252,0.04663,-0.00386722,0.29438000000000003,0.0266716,0.0440219,17.20134,0.0944816
20.804314,-10.694836,0.04348,-2.80987,0.12034,-0.09643919999999999,0.0317057,17.04883,0.0466233
113.67716200000001,-4.807181,0.03993,0.0654587,0.14028,0.00605891,0.0308894,16.95249,0.0486582
160.88116499999998,-41.404365999999996,0.04297,-1.60846,0.11986,0.013067600000000002,0.0385005,17.05345,0.07738869999999999
30.279976,-21.051405,0.04011,-1.6896200000000001,0.10697999999999999,0.070199,0.033572199999999996,17.303639999999998,0.0525024
300.347534,-19.386805,0.0363,-2.13521,0.28323000000000004,-0.060666399999999995,0.035235699999999995,16.78117,0.06191699999999999
22.762503,-26.823383000000003,0.04579,-0.8482370000000001,0.16077,0.0354434,0.0344468,17.27627,0.051498699999999994
72.936111,-9.962503,0.03796,0.76083,0.12662,0.15715,0.0310808,17.31943,0.044638300000000006
26.902991999999998,-33.289885999999996,0.03968,-2.91253,0.41651000000000005,0.0628451,0.0336204,17.3224,0.047940699999999996
11.641828,-53.549076,0.05451,0.36046,0.0785365,-0.037927499999999996,0.030036400000000005,17.1981,0.0402975
153.616776,-15.294564000000001,0.04261,-2.5495799999999997,0.19680999999999998,-0.0044087,0.035998699999999995,17.11636,0.05234540000000001
159.525513,-69.91890699999999,0.03343,-1.0614,0.1607,0.0941121,0.0322257,16.938879999999997,0.0551314
140.705276,-19.220260999999997,0.044360000000000004,-0.346044,0.1946,0.0242382,0.030887,17.17159,0.0451216
282.775269,-49.361443,0.04252,1.12715,0.26341,0.114,0.0398063,17.28126,0.0724923
144.40213,-9.941002000000001,0.041339999999999995,-0.42015,0.6088100000000001,0.048038300000000006,0.0888261,17.24377,0.20601999999999998
35.195847,-24.528542,0.05087,1.0535299999999999,0.20818000000000003,0.032224,0.0320103,17.31411,0.045481400000000005
162.334839,-30.510895,0.04165,-0.510904,0.18249,0.0835062,0.033212900000000004,17.26215,0.0509651
191.648315,-3.633431,0.05103,0.15627,0.25864000000000004,-0.034730300000000006,0.038641,17.213179999999998,0.0798691
140.273331,-29.081207,0.04621,0.8458899999999999,0.84344,-0.0464569,0.0345584,16.93275,0.0543064
77.804535,-51.550282,0.04665,-2.0142,0.29584,-0.0737821,0.0523395,17.2115,0.09815800000000001
301.092529,-18.190069,0.032310000000000005,-2.1192599999999997,0.22509,0.13051,0.033326,17.14601,0.05549830000000001
177.7453,-38.396259,0.04028,0.49103,0.23976,0.0836994,0.0329844,17.17764,0.054113999999999995
21.229657999999997,-34.064223999999996,0.05061,-0.010590500000000001,0.29551,0.0748743,0.0331297,17.3949,0.052902199999999996
285.329987,-31.489088,0.03485,-1.6494,0.28823000000000004,0.0541186,0.0367141,17.13598,0.07321910000000001
317.073547,-32.162106,0.041389999999999996,0.8418899999999999,0.18557,0.07480319999999999,0.0315375,17.17879,0.048112699999999994
326.044373,-22.587807,0.04136,-2.818,0.20124,-0.024566,0.0321259,17.24415,0.0549635
192.922302,-45.867157,0.0446,-0.644975,0.22145,-0.016516,0.0340039,17.05347,0.054391800000000004
210.609161,-19.036295000000003,0.03895,-1.5205,0.23173000000000002,0.0514925,0.0336367,17.23423,0.051464699999999995
204.888168,-30.575178,0.04755,1.22736,0.23259000000000002,-0.037228699999999997,0.039662800000000005,17.18198,0.0674406
333.812256,-13.813507999999999,0.05281,0.81072,0.24203000000000002,-0.00435948,0.0386597,17.29925,0.0663625
17.464951,-57.990189,0.048510000000000005,0.09952269999999999,0.13764,-0.0648107,0.0332049,17.25425,0.052547699999999996
92.957764,-50.817226,0.04788,1.3904100000000001,0.15595,0.021264500000000002,0.0321788,17.22383,0.0459101
357.690918,-32.118683000000004,0.05464,-0.297883,0.17586,-0.0285918,0.0443834,17.35298,0.09541089999999999
91.79325899999999,-23.873522,0.05026,1.06935,0.23786999999999997,-0.00077911,0.0375903,17.29765,0.0690187
156.62486299999998,-33.967278,0.04257,-2.40899,0.1355,-0.11835799999999999,0.0296317,17.04724,0.0455746
7.161181,-40.315403,0.053470000000000004,-0.717066,0.42008,-0.129936,0.0368474,17.23771,0.0653441
82.322456,-24.755297,0.04844,-0.0421796,0.26361,-0.06202100000000001,0.03283080000000001,17.14895,0.0507621
20.221428,-70.256721,0.05011,-0.5053810000000001,0.21606,-0.102342,0.032777,17.25233,0.0437397
289.233917,-41.987637,0.03639,-0.39098299999999997,0.0974104,0.25684,0.0310336,17.571479999999998,0.0460371
227.331696,-14.841906,0.052520000000000004,1.68724,0.19545,0.011175399999999999,0.0438379,17.19034,0.0761632
63.607643,-43.397011,0.0435,-2.33202,0.10854000000000001,0.11020999999999999,0.0305741,17.57935,0.043205900000000005
55.6395,-24.825216,0.04527,-0.633297,0.27232,0.045279,0.034561699999999994,17.49176,0.0544957
122.219254,-25.123785,0.03998,-1.81477,0.28529,-0.00521311,0.049636599999999996,17.021810000000002,0.10432999999999999
28.666256,-22.260565,0.04937,0.0856957,0.28271999999999997,0.16398,0.036263199999999995,17.65931,0.052893100000000005
76.718292,-11.878805999999999,0.03943,-1.43472,0.22659,0.10561,0.0364831,17.26076,0.0647827
156.267639,-40.305901,0.04343,-0.07368839999999999,0.11925,0.06795119999999999,0.0311176,17.25584,0.0473742
239.241684,-69.04143499999999,0.04489,-1.16775,0.18625999999999998,-0.0462171,0.0330766,17.12033,0.0517784
97.34985400000001,-60.37633100000001,0.03829,-2.36706,0.13435999999999998,0.0556227,0.030691200000000002,17.38609,0.0448029
322.123901,-26.488670000000003,0.043539999999999995,0.4375,0.20027,0.18091,0.0400636,17.6058,0.0729115
184.545334,-5.5871379999999995,0.04777,-1.46281,0.59792,-0.041262099999999996,0.0318704,17.34364,0.0433075
354.960297,-46.850819,0.05083,0.41747,0.2066,0.056709,0.033441000000000005,17.51128,0.046380000000000005
347.061554,-31.802471,0.03341,-2.92505,0.17662,0.21655,0.0581028,17.74643,0.10166
62.709499,-26.391848,0.04502,-1.5102200000000001,0.21227,0.0895971,0.031176,17.530379999999997,0.0431439
209.540649,-22.109337,0.04003,-0.892106,0.28151,0.12645,0.040880400000000004,17.49664,0.064428
160.305557,-39.015892,0.04118,-2.02296,0.17382999999999998,-0.0563401,0.0321103,17.2178,0.051822599999999996
330.813354,-36.472309,0.05417999999999999,0.33784000000000003,0.23561999999999997,-0.0500131,0.025268000000000002,17.39602,0.0371212
33.657032,-18.906572,0.046189999999999995,0.23056,0.35533000000000003,0.0691992,0.0420575,17.519579999999998,0.089274
16.645626,-3.862481,0.04632,-1.15426,0.17435,0.023259799999999997,0.043069199999999995,17.4696,0.0656381
117.06462900000001,-53.453487,0.042289999999999994,-0.42195600000000005,0.14761,-0.00502069,0.0335272,16.98963,0.058792399999999995
7.861959,-28.094365999999997,0.0542,-2.54285,0.36323,-0.0036706,0.061745100000000004,17.49779,0.11603
41.086285,-13.415735,0.04525,-1.6747599999999998,0.1621,-0.018068900000000002,0.0319035,17.41723,0.047508
308.781006,-11.784585,0.04675,0.59327,0.18472,0.16744,0.0330411,17.61776,0.0481992
329.135315,-18.327227,0.0447,-0.9022629999999999,0.14064000000000002,-0.018198500000000003,0.0368776,17.38703,0.0552804
23.462132999999998,-24.444008,0.05354,-1.0122200000000001,0.35943,-0.06636030000000001,0.0461161,17.41913,0.0974605
10.123650999999999,-15.995709,0.06627999999999999,1.66733,0.12986,-0.04695440000000001,0.0307812,17.450020000000002,0.0401932
164.47749299999998,-20.015966,0.055670000000000004,-0.254263,0.23586,0.0414014,0.04296180000000001,17.492070000000002,0.09472430000000001
209.511749,-9.161203,0.04992,0.30217,0.12905,0.014569299999999999,0.0335561,17.45694,0.047503
341.547058,-35.995255,0.04989,-0.8085140000000001,0.174,0.0566879,0.0323028,17.58377,0.0452735
345.306824,-25.235955999999998,0.04895,0.20647,0.1344,0.0917202,0.0323909,17.601329999999997,0.0447209
60.425564,-17.178194,0.058120000000000005,-1.24991,0.18413,-0.1355,0.0378671,17.32948,0.053847000000000006
26.840215999999998,-45.992569,0.04177,-0.542164,0.35236,0.14966,0.0325102,17.71278,0.0466788
325.856476,-1.497678,0.0444,0.16608,0.24436,0.19137,0.035944199999999996,17.6726,0.06002759999999999
200.50706499999998,-33.487559999999995,0.04382,-1.2020600000000001,0.31659,0.0562375,0.0339845,17.48559,0.0483691
60.301472,-22.02916,0.04767,-0.0346292,0.22696,-0.023125599999999996,0.036125800000000007,17.389029999999998,0.0611901
230.66449,-18.232637,0.05417999999999999,-0.699955,0.10737999999999999,-0.0543117,0.0320151,17.25657,0.0459426
78.18002299999999,-10.438002000000001,0.04238,-2.06429,0.11982000000000001,0.0899398,0.046863800000000004,17.35166,0.0946013
301.996246,-55.873703000000006,0.055560000000000005,1.14907,0.13938,0.014006999999999999,0.0307522,17.46483,0.043588699999999994
303.158661,-10.756449,0.0463,-0.333905,0.23909,-0.014684899999999999,0.030372399999999997,17.34088,0.0445339
59.888495999999996,-12.357395,0.04647,-0.911874,0.42233999999999994,0.00565127,0.0317554,17.48028,0.045388300000000006
169.311859,-12.734396,0.05393,0.38741,0.3786,-0.0330169,0.0474119,17.39334,0.0930119
155.716141,-18.53952,0.04732,-1.32226,0.19775,-0.015157599999999999,0.036804199999999995,17.40195,0.0690525
19.924227,-77.31064599999999,0.040619999999999996,0.36136,0.26557,0.21276,0.034245599999999994,17.7321,0.05045209999999999
227.33167999999998,-14.841966000000001,0.052520000000000004,-0.674319,0.0902762,-0.09338830000000001,0.0301981,17.22053,0.044665699999999996
17.550135,-13.502842999999999,0.04136,-1.8054700000000001,0.25039,0.12862,0.032890300000000004,17.72664,0.04756780000000001
24.012411,-23.213955,0.053970000000000004,0.5674,0.61428,-0.00520518,0.042963699999999994,17.5731,0.0848016
3.908547,-32.233684999999994,0.05915,1.2775299999999998,0.27814,-0.00185653,0.033162699999999996,17.58338,0.0491977
198.45996100000002,-36.028751,0.04597,-2.34883,0.19716,0.0112509,0.0319691,17.51585,0.0470315
328.580841,-13.991335000000001,0.050289999999999994,-1.18577,0.174,-0.0563885,0.032458799999999996,17.32524,0.0496238
282.022247,-28.263462,0.03603,-2.52548,0.77474,0.16768,0.037235199999999996,17.42484,0.0598509
330.871582,-12.807077,0.05401,0.69424,0.10507000000000001,-0.012521899999999999,0.0305459,17.5133,0.0414642
9.277416,-68.669128,0.06642,1.36166,0.24984,0.00623959,0.0318824,17.5956,0.0424428
91.40879100000001,-31.787990999999998,0.04967,1.2076,0.28053,0.20606,0.0356245,17.81017,0.0530802
45.178413,-12.478031,0.04528,0.6807300000000001,0.11725999999999999,0.19844,0.0313627,17.72211,0.0443436
208.966354,-35.995823,0.05112,0.08981019999999999,0.094012,0.043451300000000005,0.0315669,17.517210000000002,0.0446116
67.31869499999999,-25.896145,0.04608,-2.32114,0.28668000000000005,-0.00982807,0.0447966,17.52725,0.0707692
67.744568,-18.819101,0.04941,-0.179919,0.122,0.0183145,0.0303413,17.569879999999998,0.0413483
166.289749,-6.40881,0.057479999999999996,0.68717,0.26076,-0.0884678,0.0321272,17.38869,0.0465936
279.696625,-53.09934200000001,0.042789999999999995,-0.612475,0.31038000000000004,0.16612000000000002,0.0340909,17.60266,0.0502179
194.067017,-8.127956,0.05212000000000001,0.15018,0.0904972,-0.0185706,0.030082099999999997,17.52877,0.0412235
293.375824,-20.745876000000003,0.057960000000000005,0.17313,0.31798000000000004,-0.099881,0.038111400000000004,17.34294,0.08345880000000001
238.57867400000003,-72.474213,0.056060000000000006,0.52905,0.23285,-0.101011,0.0304,17.28847,0.044475400000000005
59.902374,-47.497543,0.05305,-0.234388,0.26342,0.00725731,0.033795900000000004,17.64488,0.053326
131.561676,-80.02842700000001,0.05056,0.43376000000000003,0.21428000000000003,0.0160907,0.0328177,17.3871,0.0485543
288.772003,-32.095974,0.04774,-0.40809,0.11489,-0.0503981,0.030895,17.31652,0.046164300000000005
149.491837,-25.123302,0.04477,-0.5291170000000001,0.16097999999999998,0.10864000000000001,0.032708799999999996,17.652929999999998,0.0465914
125.68283799999999,-4.641319,0.057,1.50158,0.36232,-0.0650259,0.0327526,17.47198,0.055088099999999994
55.848286,-49.613997999999995,0.04949,-1.56819,0.15161,0.060760800000000004,0.0368478,17.72644,0.0626851
326.79702799999995,-9.981468,0.056679999999999994,0.48267,0.20347,0.029414299999999997,0.0348464,17.62809,0.048689300000000005
156.741852,-6.295996,0.04567,-2.13947,0.12410999999999998,0.15984,0.03263,17.79703,0.0474321
18.51269,-50.949875,0.05251,-1.92498,0.11115,0.0628963,0.0314778,17.7522,0.0427704
19.707565,-69.926804,0.0501,-1.7596900000000002,0.21191999999999997,-0.00501101,0.0320372,17.61861,0.0456858
46.869263000000004,-62.47395699999999,0.05272,0.26861,0.21600999999999998,0.07646789999999999,0.031611400000000005,17.72811,0.0429031
128.51443500000002,-26.953734999999998,0.04668,-1.6254600000000001,0.14023,-0.00644373,0.0310986,17.43522,0.0472901
297.372284,-49.007507000000004,0.05018,0.8921,0.10762999999999999,0.0073193,0.0314368,17.5901,0.043454400000000004
36.927399,-17.215225,0.0511,-1.3885100000000001,0.32813000000000003,-0.08442519999999999,0.0381004,17.53422,0.0699949
188.648865,-11.561326,0.053610000000000005,-1.32408,0.22245,-0.07232960000000001,0.030743200000000002,17.48206,0.0422608
224.998367,-25.982491,0.05644,0.6743100000000001,0.10932,-0.00829094,0.0312387,17.29738,0.0489907
352.963074,-33.1213,0.0527,-1.38175,0.09275449999999999,0.036940100000000003,0.030074,17.72012,0.041879
321.815338,-55.809788,0.05517999999999999,1.4937,0.18181,0.050421600000000004,0.0310466,17.6368,0.0428712
349.649658,-48.361343,0.05681,1.49539,0.30566,0.0116618,0.033186099999999996,17.68605,0.046551
292.138092,-32.695236,0.05192000000000001,-0.147005,0.22563000000000002,-0.0410166,0.0333101,17.420360000000002,0.0509721
93.85077700000001,-62.869595,0.05484,-0.767254,0.20245,0.0401307,0.04736919999999999,17.634510000000002,0.12122000000000001
303.40387000000004,-13.606403,0.05031,-0.173087,0.28364,0.0345452,0.030972900000000005,17.514110000000002,0.0454779
333.569519,-2.786137,0.040310000000000006,-2.5293400000000004,0.25704,0.0545799,0.036656,17.57289,0.0578057
346.212372,-49.222317,0.05892000000000001,-1.64887,0.2778,-0.12800999999999998,0.0441425,17.556079999999998,0.0752828
319.480896,-77.448837,0.06935,1.6926700000000001,0.33115,-0.061773800000000004,0.0327804,17.41633,0.048055099999999996
185.520584,-11.493962,0.05815,1.31711,0.29247,0.12609,0.036102499999999996,17.79919,0.054037800000000004
276.514496,-59.538768999999995,0.05033,-1.67058,0.33523000000000003,-0.080325,0.0380977,17.4002,0.0699456
205.622971,-38.316399,0.04641,-0.777233,0.30230999999999997,0.20267000000000002,0.05612759999999999,17.87179,0.11148
83.047638,-26.868431,0.05363,-1.51896,0.13530999999999999,-0.122494,0.0300562,17.419220000000003,0.0431716
151.073746,-67.603004,0.0545,1.62503,0.13229000000000002,-0.0322997,0.0319341,17.184279999999998,0.05325459999999999
20.399282,-19.421518,0.05463,-0.201024,0.1481,0.040401099999999995,0.032450799999999995,17.73674,0.0439833
190.335999,-13.001525,0.04958,-0.30342600000000003,0.30239,0.22209,0.0332425,17.91672,0.0476999
108.741028,-51.012085,0.043539999999999995,0.0257978,0.21104,0.26064,0.0368589,17.744220000000002,0.0692699
221.87367200000003,-2.711648,0.0407,-1.7186599999999999,0.15495,0.19735999999999998,0.0359809,17.84204,0.0615222
315.231079,-67.92156999999999,0.060020000000000004,0.5104,0.24674000000000001,-0.037462199999999994,0.0309168,17.62806,0.0414904
163.641647,-10.930147,0.060160000000000005,1.7371299999999998,0.20899,-0.0125528,0.0446216,17.66496,0.06764760000000002
225.003372,-44.260684999999995,0.0425,-2.48378,0.27066999999999997,0.038390600000000004,0.0361208,17.48854,0.05733490000000001
315.442169,-41.327026000000004,0.05995,-0.5720609999999999,0.15650999999999998,-0.102358,0.0337753,17.56064,0.053451900000000004
101.534637,-22.497892,0.04301,-1.5828799999999998,0.15815,0.030188299999999998,0.035791699999999996,17.47436,0.0643072
